{"simple_int": [0.009833335876464844, 0.049048662185668945, 0.08953309059143066, 0.09669017791748047, 0.09354496002197266, 0.09685516357421875, 0.09493422508239746, 0.09819388389587402, 0.09294509887695312, 0.11818218231201172, 0.12012362480163574, 0.12342429161071777, 0.12439179420471191, 0.1259169578552246, 0.12868356704711914, 0.1304914951324463, 0.13229632377624512, 0.13429880142211914, 0.13944196701049805, 0.13950037956237793, 0.13954448699951172, 0.14901113510131836, 0.14992952346801758, 0.1452498435974121, 0.16912055015563965, 0.16945409774780273, 0.17461585998535156, 0.1734626293182373, 0.17541980743408203, 0.17776894569396973, 0.1752157211303711, 0.17806148529052734, 0.18467402458190918, 0.18232154846191406, 0.18304681777954102, 0.19094491004943848, 0.18883299827575684, 0.19142675399780273, 0.19992375373840332, 0.19509243965148926, 0.19945025444030762, 0.20163464546203613, 0.25634193420410156, 0.25783395767211914, 0.25753188133239746, 0.263153076171875, 0.26422905921936035, 0.263197660446167, 0.2751278877258301, 0.28125882148742676, 0.286989688873291, 0.28824877738952637, 0.31079745292663574, 0.3002150058746338, 0.3078181743621826, 0.3116161823272705, 0.3214700222015381, 0.3207669258117676, 0.32194042205810547, 0.3389291763305664, 0.3346743583679199, 0.3102145195007324, 0.3129456043243408, 0.3207371234893799, 0.31456637382507324, 0.3798520565032959, 0.3839609622955322, 0.38186073303222656, 0.3940088748931885, 0.39940452575683594, 0.39646387100219727, 0.40343403816223145, 0.4078254699707031, 0.41387271881103516, 0.41684818267822266, 0.4273502826690674, 0.43435192108154297, 0.42347002029418945, 0.43959736824035645, 0.44226694107055664, 0.44957900047302246, 0.4523336887359619, 0.4651219844818115, 0.4662003517150879, 0.47221803665161133, 0.478987455368042, 0.4929163455963135, 0.489346981048584, 0.4993281364440918, 0.4893054962158203, 0.5094964504241943, 0.49350666999816895, 0.5019581317901611, 0.48355674743652344, 0.5363118648529053, 0.5418920516967773, 0.5475656986236572, 0.5530350208282471, 0.5467259883880615], "simple_float": [0.0032553672790527344, 0.0037856101989746094, 0.004106998443603516, 0.00463414192199707, 0.004981279373168945, 0.005561351776123047, 0.005813121795654297, 0.00623631477355957, 0.0065610408782958984, 0.0071027278900146484, 0.007568836212158203, 0.007878303527832031, 0.008253812789916992, 0.008720636367797852, 0.009142398834228516, 0.009580373764038086, 0.009856462478637695, 0.010229110717773438, 0.010701894760131836, 0.01141977310180664, 0.011596441268920898, 0.012016773223876953, 0.012293100357055664, 0.012740850448608398, 0.013275861740112305, 0.01380610466003418, 0.01402139663696289, 0.014446258544921875, 0.015017986297607422, 0.015163898468017578, 0.015757083892822266, 0.015957117080688477, 0.016405105590820312, 0.01673269271850586, 0.017192363739013672, 0.017510175704956055, 0.018193721771240234, 0.018526554107666016, 0.018798112869262695, 0.019194602966308594, 0.019501447677612305, 0.02020573616027832, 0.020343780517578125, 0.020722389221191406, 0.021131277084350586, 0.021536827087402344, 0.0219876766204834, 0.02258777618408203, 0.02277088165283203, 0.023622989654541016, 0.02358245849609375, 0.024705171585083008, 0.024480342864990234, 0.024797916412353516, 0.02582073211669922, 0.025661468505859375, 0.0263369083404541, 0.026749372482299805, 0.027039766311645508, 0.027364253997802734, 0.0281374454498291, 0.028075218200683594, 0.028766632080078125, 0.028905153274536133, 0.02932000160217285, 0.030089855194091797, 0.03044295310974121, 0.03117966651916504, 0.031209230422973633, 0.03143000602722168, 0.03194141387939453, 0.03246021270751953, 0.0328829288482666, 0.033453941345214844, 0.03347182273864746, 0.03396749496459961, 0.03460574150085449, 0.03498983383178711, 0.03610396385192871, 0.03552889823913574, 0.035945892333984375, 0.03665566444396973, 0.037108421325683594, 0.03722023963928223, 0.04799175262451172, 0.03841114044189453, 0.03849291801452637, 0.03902173042297363, 0.03926372528076172, 0.03961300849914551, 0.040078163146972656, 0.040364980697631836, 0.04070878028869629, 0.051550865173339844, 0.042078495025634766, 0.042107343673706055, 0.042349815368652344, 0.042835235595703125, 0.04341888427734375], "better_int": [0.0033731460571289062, 0.014886856079101562, 0.00400853157043457, 0.0044596195220947266, 0.005259275436401367, 0.005278110504150391, 0.005647420883178711, 0.006076335906982422, 0.006462812423706055, 0.006959199905395508, 0.00735163688659668, 0.008178949356079102, 0.008201837539672852, 0.008568525314331055, 0.00895071029663086, 0.009444713592529297, 0.020331859588623047, 0.010156869888305664, 0.010630130767822266, 0.011090993881225586, 0.01167440414428711, 0.012089252471923828, 0.012237548828125, 0.012864828109741211, 0.013055086135864258, 0.013407468795776367, 0.013831377029418945, 0.014216184616088867, 0.014615297317504883, 0.01508784294128418, 0.015657663345336914, 0.015809059143066406, 0.016709089279174805, 0.016574859619140625, 0.016972064971923828, 0.017645835876464844, 0.017759084701538086, 0.0184481143951416, 0.018637418746948242, 0.01922297477722168, 0.019687414169311523, 0.019761323928833008, 0.020158052444458008, 0.020580053329467773, 0.020992040634155273, 0.02203845977783203, 0.021839380264282227, 0.022155046463012695, 0.022800207138061523, 0.023075103759765625, 0.02338099479675293, 0.023952722549438477, 0.024161338806152344, 0.024550914764404297, 0.02515387535095215, 0.025461673736572266, 0.02586507797241211, 0.026333332061767578, 0.026810646057128906, 0.02730584144592285, 0.027813196182250977, 0.02824091911315918, 0.02838420867919922, 0.029045581817626953, 0.03928399085998535, 0.029619693756103516, 0.030038118362426758, 0.030513286590576172, 0.030817031860351562, 0.03154897689819336, 0.03163027763366699, 0.03206348419189453, 0.04292178153991699, 0.03288912773132324, 0.03330063819885254, 0.03382372856140137, 0.03433942794799805, 0.0345158576965332, 0.04536890983581543, 0.03557586669921875, 0.03598427772521973, 0.03639721870422363, 0.03692007064819336, 0.03691744804382324, 0.037216901779174805, 0.03786897659301758, 0.0381319522857666, 0.0385282039642334, 0.03875303268432617, 0.03946352005004883, 0.039548397064208984, 0.03997230529785156, 0.04062676429748535, 0.040778398513793945, 0.041419029235839844, 0.04166007041931152, 0.042081356048583984, 0.04238414764404297, 0.04295706748962402],