{"simple_int": [0.005220890045166016, 0.013478994369506836, 0.035105228424072266, 0.1130838394165039, 0.21558189392089844, 0.26706624031066895, 0.2813832759857178, 0.39170312881469727, 0.37790703773498535, 0.47841429710388184, 0.4834017753601074, 0.4964604377746582, 0.5018234252929688, 0.5100705623626709, 0.5301520824432373, 0.5286362171173096, 0.5385158061981201, 0.5371177196502686, 0.5561153888702393, 0.5600512027740479, 0.5548415184020996, 0.5617954730987549, 0.5887837409973145, 0.5750448703765869, 0.6638631820678711, 0.6731047630310059, 0.6838030815124512, 0.6947526931762695, 0.7089943885803223, 0.7174856662750244, 0.7112388610839844, 0.7079579830169678, 0.7215237617492676, 0.7270336151123047, 0.7316641807556152, 0.7429845333099365, 0.7503905296325684, 0.762470006942749, 0.7768068313598633, 0.7782151699066162, 0.7835123538970947, 0.784247875213623, 1.0281562805175781, 1.0370547771453857, 1.0142974853515625, 1.069814920425415, 1.0691437721252441, 1.0896666049957275, 1.1080152988433838, 1.13114333152771, 1.1535332202911377, 1.1790273189544678, 1.1843860149383545, 1.197521686553955, 1.2230925559997559, 1.2462244033813477, 1.2541913986206055, 1.2786307334899902, 1.297267198562622, 1.3061175346374512, 1.341212272644043, 1.2468829154968262, 1.279017448425293, 1.2947666645050049, 1.2543704509735107, 1.5345995426177979, 1.553236722946167, 1.5882997512817383, 1.6333680152893066, 1.6332619190216064, 1.6423428058624268, 1.6602659225463867, 1.6824500560760498, 1.6970546245574951, 1.7130162715911865, 1.7401411533355713, 1.729705572128296, 1.7729096412658691, 1.8139736652374268, 1.8306422233581543, 1.8300411701202393, 1.8725368976593018, 1.8619000911712646, 1.9296972751617432, 1.8940277099609375, 1.9430875778198242, 1.9304978847503662, 1.9992401599884033, 1.9686143398284912, 2.0167250633239746, 2.005182981491089, 2.033688545227051, 1.9830584526062012, 1.986642599105835, 2.1097497940063477, 2.195634603500366, 2.1763508319854736, 2.267209529876709, 2.2379539012908936], "simple_float": [0.0028848648071289062, 0.0028913021087646484, 0.003129720687866211, 0.0035021305084228516, 0.0037217140197753906, 0.004067897796630859, 0.004302263259887695, 0.00617671012878418, 0.006671905517578125, 0.007078647613525391, 0.0074765682220458984, 0.007920503616333008, 0.018340587615966797, 0.008728981018066406, 0.009145021438598633, 0.00979471206665039, 0.009859323501586914, 0.010313272476196289, 0.010959148406982422, 0.011205673217773438, 0.011602163314819336, 0.011970758438110352, 0.012597084045410156, 0.01275181770324707, 0.013208866119384766, 0.01363515853881836, 0.013912677764892578, 0.014372110366821289, 0.01487874984741211, 0.015115737915039062, 0.015748977661132812, 0.01611495018005371, 0.016332626342773438, 0.016829729080200195, 0.017153024673461914, 0.017680644989013672, 0.018150806427001953, 0.0184938907623291, 0.01893138885498047, 0.019268035888671875, 0.01969432830810547, 0.020148515701293945, 0.020490169525146484, 0.020819664001464844, 0.02130126953125, 0.021718978881835938, 0.022072315216064453, 0.022661685943603516, 0.02291107177734375, 0.02370166778564453, 0.023871898651123047, 0.02441239356994629, 0.025002002716064453, 0.025012493133544922, 0.025545597076416016, 0.03619527816772461, 0.02629256248474121, 0.026677370071411133, 0.027078866958618164, 0.02789616584777832, 0.028031110763549805, 0.028377532958984375, 0.028739213943481445, 0.029459476470947266, 0.03997182846069336, 0.030382156372070312, 0.03040766716003418, 0.030727624893188477, 0.03145933151245117, 0.03203749656677246, 0.032402753829956055, 0.032555341720581055, 0.033295631408691406, 0.03325176239013672, 0.03336024284362793, 0.03379178047180176, 0.0342252254486084, 0.03457307815551758, 0.03509330749511719, 0.03567957878112793, 0.03573894500732422, 0.036459922790527344, 0.03704428672790527, 0.037333011627197266, 0.0373845100402832, 0.03777265548706055, 0.03842782974243164, 0.03881263732910156, 0.03913593292236328, 0.0395660400390625, 0.039708614349365234, 0.04016542434692383, 0.04082012176513672, 0.04138302803039551, 0.04167890548706055, 0.042023420333862305, 0.042462825775146484, 0.04253101348876953, 0.04358410835266113], "better_int": [0.0024917125701904297, 0.00266265869140625, 0.0030777454376220703, 0.003263711929321289, 0.003553628921508789, 0.013039827346801758, 0.0042858123779296875, 0.006049633026123047, 0.006458759307861328, 0.00690150260925293, 0.007542610168457031, 0.007909774780273438, 0.008222341537475586, 0.008594989776611328, 0.008982419967651367, 0.009536266326904297, 0.009829044342041016, 0.010179519653320312, 0.010652542114257812, 0.01102304458618164, 0.011584043502807617, 0.01184844970703125, 0.012273073196411133, 0.02269434928894043, 0.013054370880126953, 0.01343226432800293, 0.013819456100463867, 0.014256715774536133, 0.01462101936340332, 0.015005111694335938, 0.015489816665649414, 0.015867233276367188, 0.016275882720947266, 0.016649961471557617, 0.017299652099609375, 0.02781224250793457, 0.0178830623626709, 0.018297910690307617, 0.018709897994995117, 0.019238710403442383, 0.01950216293334961, 0.01984405517578125, 0.020258426666259766, 0.030701398849487305, 0.021085739135742188, 0.02169013023376465, 0.021876096725463867, 0.02228546142578125, 0.022826433181762695, 0.03363776206970215, 0.02353835105895996, 0.02405405044555664, 0.02447342872619629, 0.024770736694335938, 0.02545022964477539, 0.025555133819580078, 0.025868654251098633, 0.026335954666137695, 0.027260303497314453, 0.027595996856689453, 0.027625083923339844, 0.027968883514404297, 0.028614521026611328, 0.028862476348876953, 0.029546737670898438, 0.02980828285217285, 0.03000020980834961, 0.030388593673706055, 0.03130173683166504, 0.031185388565063477, 0.03168487548828125, 0.032387495040893555, 0.032872915267944336, 0.03281235694885254, 0.03321027755737305, 0.0338284969329834, 0.03422904014587402, 0.03449392318725586, 0.03514599800109863, 0.03544759750366211, 0.03584694862365723, 0.03599238395690918, 0.03640627861022949, 0.036810874938964844, 0.03777170181274414, 0.037871599197387695, 0.03824329376220703, 0.03863358497619629, 0.03907513618469238, 0.0393984317779541, 0.03953814506530762, 0.04017281532287598, 0.04038882255554199, 0.04100918769836426, 0.041727542877197266, 0.04226374626159668, 0.04223990440368652, 0.04283475875854492, 0.04297590255737305],