{"simple_int": [0.008954048156738281, 0.009999513626098633, 0.009747743606567383, 0.010387659072875977, 0.010441064834594727, 0.010943174362182617, 0.011480093002319336, 0.012162446975708008, 0.01195216178894043, 0.013992071151733398, 0.014101982116699219, 0.01496577262878418, 0.01565837860107422, 0.015755414962768555, 0.016336679458618164, 0.01674485206604004, 0.017284870147705078, 0.01789093017578125, 0.018308162689208984, 0.01854991912841797, 0.01927018165588379, 0.019512653350830078, 0.02003765106201172, 0.020836830139160156, 0.02229785919189453, 0.02274775505065918, 0.0233151912689209, 0.023937702178955078, 0.024556636810302734, 0.025023937225341797, 0.03533577919006348, 0.02556300163269043, 0.026448726654052734, 0.026369571685791016, 0.026936769485473633, 0.02827763557434082, 0.027843236923217773, 0.03859138488769531, 0.029624462127685547, 0.0293886661529541, 0.030088186264038086, 0.030530452728271484, 0.035315513610839844, 0.034784793853759766, 0.035231590270996094, 0.0358881950378418, 0.03654909133911133, 0.03660321235656738, 0.03758716583251953, 0.03816843032836914, 0.039076805114746094, 0.03977656364440918, 0.04076838493347168, 0.041820526123046875, 0.04187631607055664, 0.04216885566711426, 0.04339098930358887, 0.04401993751525879, 0.04383397102355957, 0.04489636421203613, 0.0458524227142334, 0.04435610771179199, 0.04484748840332031, 0.04579925537109375, 0.04575991630554199, 0.05007147789001465, 0.05002117156982422, 0.051335811614990234, 0.05219101905822754, 0.05288815498352051, 0.0530698299407959, 0.05375170707702637, 0.05538368225097656, 0.054898977279663086, 0.05602383613586426, 0.05617570877075195, 0.05762887001037598, 0.05766177177429199, 0.05884981155395508, 0.05876803398132324, 0.0594635009765625, 0.061075687408447266, 0.0609893798828125, 0.06225705146789551, 0.06159806251525879, 0.06344008445739746, 0.0631096363067627, 0.06434035301208496, 0.06409645080566406, 0.06544828414916992, 0.06528687477111816, 0.06656861305236816, 0.06608295440673828, 0.06685733795166016, 0.07038140296936035, 0.07020974159240723, 0.07096385955810547, 0.0719139575958252, 0.07256650924682617], "simple_float": [0.0034198760986328125, 0.0037462711334228516, 0.004151344299316406, 0.004969120025634766, 0.015906572341918945, 0.005425214767456055, 0.005786895751953125, 0.006235361099243164, 0.006573915481567383, 0.007032871246337891, 0.007577657699584961, 0.007937431335449219, 0.008276224136352539, 0.008636951446533203, 0.009214401245117188, 0.009567499160766602, 0.009854316711425781, 0.010221242904663086, 0.010869503021240234, 0.011163949966430664, 0.011499166488647461, 0.01196742057800293, 0.012331962585449219, 0.01274728775024414, 0.013266801834106445, 0.013557195663452148, 0.013924121856689453, 0.01449894905090332, 0.014725208282470703, 0.015093088150024414, 0.015558958053588867, 0.01592564582824707, 0.016244173049926758, 0.01670670509338379, 0.0172727108001709, 0.017576932907104492, 0.017911195755004883, 0.01851511001586914, 0.018747568130493164, 0.019107341766357422, 0.01967787742614746, 0.01986217498779297, 0.020363330841064453, 0.020854711532592773, 0.02132105827331543, 0.021564006805419922, 0.02202916145324707, 0.02233266830444336, 0.022764205932617188, 0.02377033233642578, 0.02372288703918457, 0.024416685104370117, 0.024744510650634766, 0.02510380744934082, 0.025704622268676758, 0.026023149490356445, 0.026484012603759766, 0.026983022689819336, 0.02724599838256836, 0.027945756912231445, 0.028053998947143555, 0.02841639518737793, 0.03987693786621094, 0.029271841049194336, 0.02950000762939453, 0.029845476150512695, 0.030489206314086914, 0.030842304229736328, 0.03127241134643555, 0.03186845779418945, 0.03218650817871094, 0.04263782501220703, 0.0328669548034668, 0.033239126205444336, 0.03355240821838379, 0.034098148345947266, 0.034311532974243164, 0.0350346565246582, 0.035323143005371094, 0.03577065467834473, 0.03577017784118652, 0.0361478328704834, 0.03671145439147949, 0.03696393966674805, 0.037448883056640625, 0.038102149963378906, 0.03829836845397949, 0.03930926322937012, 0.03891301155090332, 0.039310455322265625, 0.039711713790893555, 0.04008316993713379, 0.04066634178161621, 0.04111981391906738, 0.04155921936035156, 0.04169130325317383, 0.04210972785949707, 0.042641401290893555, 0.04323148727416992], "better_int": [0.0033636093139648438, 0.004354953765869141, 0.004796028137207031, 0.004659175872802734, 0.004912614822387695, 0.005288600921630859, 0.005629062652587891, 0.0060465335845947266, 0.006643056869506836, 0.0068933963775634766, 0.00752568244934082, 0.0186460018157959, 0.008191347122192383, 0.008566141128540039, 0.008958816528320312, 0.009466886520385742, 0.009759187698364258, 0.010149002075195312, 0.010627985000610352, 0.011157035827636719, 0.011418819427490234, 0.011812925338745117, 0.012192010879516602, 0.01261448860168457, 0.013091325759887695, 0.013454198837280273, 0.01390695571899414, 0.014215469360351562, 0.014589071273803711, 0.014974832534790039, 0.015451431274414062, 0.01582050323486328, 0.016172409057617188, 0.01662898063659668, 0.016993999481201172, 0.017411231994628906, 0.017780065536499023, 0.018226146697998047, 0.018637895584106445, 0.019049882888793945, 0.019459009170532227, 0.019815921783447266, 0.03142857551574707, 0.020647764205932617, 0.021068811416625977, 0.021750926971435547, 0.0218198299407959, 0.022996187210083008, 0.022631168365478516, 0.023230314254760742, 0.033588409423828125, 0.024166584014892578, 0.024473190307617188, 0.024657249450683594, 0.025667905807495117, 0.02558159828186035, 0.036157846450805664, 0.026476621627807617, 0.027029991149902344, 0.0273897647857666, 0.02771282196044922, 0.028078079223632812, 0.02835369110107422, 0.028809785842895508, 0.029231548309326172, 0.029718637466430664, 0.03020024299621582, 0.030384063720703125, 0.03210854530334473, 0.03131747245788574, 0.0316309928894043, 0.03216433525085449, 0.032546281814575195, 0.032794952392578125, 0.03336977958679199, 0.033579349517822266, 0.03409600257873535, 0.034531593322753906, 0.03504467010498047, 0.03534054756164551, 0.03570914268493652, 0.036110639572143555, 0.03638792037963867, 0.03680276870727539, 0.037200212478637695, 0.03783130645751953, 0.038034915924072266, 0.038988351821899414, 0.03896164894104004, 0.03917264938354492, 0.03958749771118164, 0.04012870788574219, 0.040544748306274414, 0.0410611629486084, 0.04133129119873047, 0.041855573654174805, 0.041991233825683594, 0.04241633415222168, 0.04311847686767578],