{"simple_int": [0.012989044189453125, 0.04153132438659668, 0.04807305335998535, 0.04995560646057129, 0.048692941665649414, 0.049973249435424805, 0.04945826530456543, 0.05068039894104004, 0.04967141151428223, 0.061885833740234375, 0.062357425689697266, 0.0642549991607666, 0.0652010440826416, 0.06592035293579102, 0.06753110885620117, 0.06909298896789551, 0.07105183601379395, 0.0711212158203125, 0.07211184501647949, 0.07448363304138184, 0.07439517974853516, 0.07719874382019043, 0.07903909683227539, 0.07768034934997559, 0.08880114555358887, 0.08912038803100586, 0.09083104133605957, 0.09246659278869629, 0.09349274635314941, 0.09591388702392578, 0.09515690803527832, 0.09433341026306152, 0.09848690032958984, 0.09662199020385742, 0.0978240966796875, 0.10253143310546875, 0.10131192207336426, 0.10263609886169434, 0.10640549659729004, 0.10497856140136719, 0.10680484771728516, 0.10857558250427246, 0.13728666305541992, 0.14042186737060547, 0.13647699356079102, 0.14102983474731445, 0.14098453521728516, 0.1391153335571289, 0.14719676971435547, 0.15053367614746094, 0.15319085121154785, 0.1559433937072754, 0.1586461067199707, 0.15952825546264648, 0.16255688667297363, 0.16391539573669434, 0.1664431095123291, 0.17033886909484863, 0.1702721118927002, 0.17569804191589355, 0.17638206481933594, 0.16540932655334473, 0.16811227798461914, 0.16896820068359375, 0.16892337799072266, 0.19905757904052734, 0.20237183570861816, 0.20261383056640625, 0.21039319038391113, 0.20911169052124023, 0.21152043342590332, 0.21116375923156738, 0.2167348861694336, 0.21709179878234863, 0.22231793403625488, 0.2187647819519043, 0.22603487968444824, 0.22790002822875977, 0.23322176933288574, 0.23085236549377441, 0.23620080947875977, 0.23919081687927246, 0.24280023574829102, 0.24629497528076172, 0.24782299995422363, 0.2498486042022705, 0.2523329257965088, 0.2557215690612793, 0.25626540184020996, 0.2575840950012207, 0.2625141143798828, 0.25730323791503906, 0.25959300994873047, 0.2532076835632324, 0.2792074680328369, 0.27996230125427246, 0.28797483444213867, 0.2837338447570801, 0.2912867069244385], "simple_float": [0.0034215450286865234, 0.003732442855834961, 0.014647722244262695, 0.004536867141723633, 0.00499725341796875, 0.005331277847290039, 0.005881071090698242, 0.006251096725463867, 0.006607532501220703, 0.0071794986724853516, 0.007467985153198242, 0.007877826690673828, 0.00844430923461914, 0.008760690689086914, 0.009025812149047852, 0.009449243545532227, 0.010123729705810547, 0.010331392288208008, 0.010877609252929688, 0.011257171630859375, 0.011722803115844727, 0.012022256851196289, 0.022481203079223633, 0.012904882431030273, 0.013502359390258789, 0.013658523559570312, 0.014060020446777344, 0.014544963836669922, 0.01499319076538086, 0.01538705825805664, 0.015898466110229492, 0.016103267669677734, 0.01650714874267578, 0.016918659210205078, 0.017272472381591797, 0.027843475341796875, 0.01808786392211914, 0.018497228622436523, 0.018850326538085938, 0.019383668899536133, 0.019666194915771484, 0.020055532455444336, 0.020520687103271484, 0.020756959915161133, 0.021220922470092773, 0.02159571647644043, 0.0220644474029541, 0.022346973419189453, 0.023011207580566406, 0.023459672927856445, 0.023572444915771484, 0.024204254150390625, 0.024844884872436523, 0.025151968002319336, 0.02530694007873535, 0.025684595108032227, 0.026039838790893555, 0.026679277420043945, 0.026963472366333008, 0.027373552322387695, 0.02776193618774414, 0.02811908721923828, 0.028740644454956055, 0.02918076515197754, 0.029516935348510742, 0.02980518341064453, 0.030161142349243164, 0.030803680419921875, 0.030979394912719727, 0.03150534629821777, 0.03183293342590332, 0.03215456008911133, 0.03268146514892578, 0.033132076263427734, 0.03351283073425293, 0.03389883041381836, 0.034162282943725586, 0.03474116325378418, 0.034943580627441406, 0.0355067253112793, 0.03622841835021973, 0.03611278533935547, 0.03667092323303223, 0.037285566329956055, 0.03745079040527344, 0.037766456604003906, 0.03826785087585449, 0.03866004943847656, 0.03922247886657715, 0.039342403411865234, 0.03971409797668457, 0.040094852447509766, 0.04047560691833496, 0.04113483428955078, 0.04150652885437012, 0.041730642318725586, 0.04222273826599121, 0.04261159896850586, 0.04331851005554199], "better_int": [0.004102468490600586, 0.0035715103149414062, 0.004019021987915039, 0.004504680633544922, 0.0048673152923583984, 0.005257844924926758, 0.005633115768432617, 0.006146907806396484, 0.006525278091430664, 0.017241477966308594, 0.007365226745605469, 0.007839202880859375, 0.008171796798706055, 0.008681535720825195, 0.00895237922668457, 0.009357929229736328, 0.009786844253540039, 0.010267019271850586, 0.010722875595092773, 0.011130809783935547, 0.011548995971679688, 0.011972904205322266, 0.012385845184326172, 0.01274418830871582, 0.013164281845092773, 0.013543367385864258, 0.013942956924438477, 0.014516592025756836, 0.014602184295654297, 0.015187263488769531, 0.015435218811035156, 0.015804052352905273, 0.016199111938476562, 0.0167539119720459, 0.016983747482299805, 0.017431020736694336, 0.017930269241333008, 0.018384695053100586, 0.0188140869140625, 0.019166231155395508, 0.019481420516967773, 0.019771099090576172, 0.020225048065185547, 0.020758390426635742, 0.020958662033081055, 0.021552324295043945, 0.021756410598754883, 0.022197484970092773, 0.02258777618408203, 0.023305177688598633, 0.023387908935546875, 0.024013519287109375, 0.024323463439941406, 0.02484893798828125, 0.02544403076171875, 0.02570629119873047, 0.02603602409362793, 0.02656269073486328, 0.026929616928100586, 0.027433156967163086, 0.027568340301513672, 0.027943134307861328, 0.028328657150268555, 0.028820276260375977, 0.029202938079833984, 0.02968287467956543, 0.029972076416015625, 0.030360937118530273, 0.030855655670166016, 0.031166791915893555, 0.031696319580078125, 0.032122135162353516, 0.032488346099853516, 0.032746076583862305, 0.03312826156616211, 0.03354597091674805, 0.033959150314331055, 0.034346818923950195, 0.03474307060241699, 0.035364389419555664, 0.03573346138000488, 0.03596806526184082, 0.036489248275756836, 0.03714799880981445, 0.03716158866882324, 0.037694692611694336, 0.03795266151428223, 0.03849077224731445, 0.038754940032958984, 0.03915119171142578, 0.03970003128051758, 0.03990983963012695, 0.04055452346801758, 0.0408933162689209, 0.04115009307861328, 0.04158735275268555, 0.04202103614807129, 0.04234194755554199, 0.04295659065246582],